Name,Job Title,Company,Profile URL
Jordan Taylor,Sales Manager (United States),Globex,https://www.linkedin.com/in/demo-lead-001/
Jordan Miller,Sales Manager (United States),Wayne Enterprises,https://www.linkedin.com/in/demo-lead-002/
Alex Miller,Sales Manager (United States),Initech,https://www.linkedin.com/in/demo-lead-003/
Avery Smith,Sales Manager (United States),Stark Industries,https://www.linkedin.com/in/demo-lead-004/
Cameron Johnson,Sales Manager (United States),Globex,https://www.linkedin.com/in/demo-lead-005/
Alex Johnson,Sales Manager (United States),Umbrella Corp,https://www.linkedin.com/in/demo-lead-006/
Cameron Taylor,Sales Manager (United States),Globex,https://www.linkedin.com/in/demo-lead-007/
Jordan Smith,Sales Manager (United States),Globex,https://www.linkedin.com/in/demo-lead-008/
Cameron Moore,Sales Manager (United States),Stark Industries,https://www.linkedin.com/in/demo-lead-009/
Cameron Brown,Sales Manager (United States),Wayne Enterprises,https://www.linkedin.com/in/demo-lead-010/
Taylor Anderson,Sales Manager (United States),Acme Inc,https://www.linkedin.com/in/demo-lead-011/
Cameron Brown,Sales Manager (United States),Initech,https://www.linkedin.com/in/demo-lead-012/
Jamie Taylor,Sales Manager (United States),Wayne Enterprises,https://www.linkedin.com/in/demo-lead-013/
Cameron Wilson,Sales Manager (United States),Wayne Enterprises,https://www.linkedin.com/in/demo-lead-014/
Jordan Moore,Sales Manager (United States),Umbrella Corp,https://www.linkedin.com/in/demo-lead-015/
Taylor Moore,Sales Manager (United States),Globex,https://www.linkedin.com/in/demo-lead-016/
Cameron Anderson,Sales Manager (United States),Umbrella Corp,https://www.linkedin.com/in/demo-lead-017/
Morgan Wilson,Sales Manager (United States),Umbrella Corp,https://www.linkedin.com/in/demo-lead-018/
Riley Johnson,Sales Manager (United States),Umbrella Corp,https://www.linkedin.com/in/demo-lead-019/
Morgan Wilson,Sales Manager (United States),Umbrella Corp,https://www.linkedin.com/in/demo-lead-020/
Avery Wilson,Sales Manager (United States),Globex,https://www.linkedin.com/in/demo-lead-021/
Cameron Williams,Sales Manager (United States),Umbrella Corp,https://www.linkedin.com/in/demo-lead-022/
Morgan Brown,Sales Manager (United States),Stark Industries,https://www.linkedin.com/in/demo-lead-023/
Avery Moore,Sales Manager (United States),Wayne Enterprises,https://www.linkedin.com/in/demo-lead-024/
Taylor Wilson,Sales Manager (United States),Umbrella Corp,https://www.linkedin.com/in/demo-lead-025/
